mes,taxa_legal_pct_mes,acumulado_desde_2024-09_pct
2024-08,0.605306,
2024-09,0.676227,0.676227
2024-10,0.704241,1.380468
2024-11,0.385874,1.766342
2024-12,0.171924,1.938266
2025-01,0.589427,2.527693
2025-02,0.902209,3.429902
2025-03,0.0,3.429902
2025-04,0.321969,3.751871
2025-05,0.6232,4.375071
2025-06,0.775982,5.151053
2025-07,0.83488,5.985933
2025-08,0.942622,6.928555
2025-09,1.305984,8.234539
2025-10,0.736394,8.970933
2025-11,1.093764,10.064697
2025-12,0.851001,10.915698
2026-01,0.96751,11.883208
2026-02,0.962232,12.84544
2026-03,0.155714,13.001154
2026-04,0.768672,13.769826
2026-05,0.198293,13.968119
2026-06,0.450641,14.41876
2026-07,0.706607,15.125367
2026-08,1.154527,16.279894
2026-09,1.499119,17.779013
